{
  "feature_names": [
    "temperature_2m (\u00b0C)",
    "cloud_cover (%)",
    "cloud_cover_low (%)",
    "cloud_cover_mid (%)",
    "cloud_cover_high (%)",
    "wind_speed_10m (km/h)",
    "apparent_temperature (\u00b0C)",
    "precipitation (mm)",
    "diffuse_radiation (W/m\u00b2)",
    "direct_radiation (W/m\u00b2)",
    "terrestrial_radiation (W/m\u00b2)",
    "global_tilted_irradiance (W/m\u00b2)",
    "shortwave_radiation (W/m\u00b2)",
    "total_radiation",
    "solar_declination",
    "max_solar_elevation",
    "max_theoretical_radiation",
    "solar_quality",
    "hour_sin",
    "hour_cos",
    "minute_sin",
    "minute_cos"
  ],
  "mean": [
    9.582934484111417,
    46.439780306002355,
    22.696155355041192,
    16.248921145547275,
    26.247940368772067,
    12.021832091016085,
    6.850058846606512,
    0.03593566104354649,
    60.329344841114164,
    129.82228324833267,
    320.2699882306787,
    190.15162808944683,
    190.15162808944683,
    190.15162808944683,
    0.0866332071255036,
    0.7623279168764691,
    681.710103482298,
    0.09502181489033923,
    0.005795622440129796,
    0.004639950651086273,
    2.8094316071506653e-16,
    0.00823852491173009
  ],
  "scale": [
    4.799791280036867,
    42.57955426100533,
    35.279375503890094,
    30.253926075321665,
    40.05510769290095,
    5.844633948856835,
    5.506040674731523,
    0.181552406656195,
    75.09987665188955,
    194.14399990931764,
    369.60509439920514,
    245.30541219339312,
    245.30541219339312,
    245.30541219339312,
    0.16192374704154713,
    0.1619237470415471,
    118.59644838153784,
    0.23820352126050393,
    0.7095049278662744,
    0.7046613647362538,
    2.832673312497684e-16,
    0.9999660627777718
  ]
}