{
  "feature_names": [
    "temperature_2m (\u00b0C)",
    "temperature_2m_squared",
    "temp_moving_avg_3h",
    "temp_diff_from_daily_high",
    "daily_temp_range",
    "hour_sin",
    "hour_cos",
    "minute_sin",
    "minute_cos",
    "day_of_week",
    "is_weekend",
    "prev_day_load",
    "prev_week_load"
  ],
  "categorical_features": [
    "day_of_week"
  ],
  "numerical_features": [
    "temperature_2m (\u00b0C)",
    "temperature_2m_squared",
    "temp_moving_avg_3h",
    "temp_diff_from_daily_high",
    "daily_temp_range",
    "hour_sin",
    "hour_cos",
    "minute_sin",
    "minute_cos",
    "is_weekend",
    "prev_day_load",
    "prev_week_load"
  ],
  "one_hot_categories": {
    "day_of_week": [
      0,
      1,
      2,
      3,
      4,
      5,
      6
    ]
  },
  "means": [
    9.574811320754717,
    113.77468207547169,
    9.565084905660378,
    4.388962264150943,
    8.47022641509434,
    -0.004652183111019797,
    -0.002918856706419872,
    2.843459144857288e-16,
    -0.0037735849056603774,
    0.2592452830188679,
    0.6854669338077725,
    0.677610310877214
  ],
  "scales": [
    4.700815912947348,
    103.33140508504371,
    4.646108089077417,
    3.4920629490439374,
    3.2232850267747875,
    0.7052307383535297,
    0.7089565876336605,
    2.832749279514388e-16,
    0.9999928800031327,
    0.4382204539399491,
    0.26158722423902636,
    0.25870119658271484
  ]
}